CREATE DATABASE VETERINARIA;

USE VETERINARIA;

CREATE TABLE VETERINARIO(
	ID	INTEGER, #PK
    CPF VARCHAR(15) NOT NULL UNIQUE,
    NOME VARCHAR(50) NOT NULL,
    DATA_NASC	DATE DEFAULT '0000-00-00',
    SALARIO	NUMERIC(7,2) NOT NULL,
    TELEFONE	VARCHAR(25) UNIQUE NOT NULL,
    CIDADE VARCHAR(50) NOT NULL,
    BAIRRO VARCHAR(50) NOT NULL,
    LOGRADOURO VARCHAR(50) NOT NULL,
    NUMERO	INTEGER NOT NULL,
    
    CONSTRAINT VETERINARIO_ID_PK PRIMARY KEY(ID),
    CONSTRAINT TELEFONE_UQ UNIQUE (TELEFONE)
);

CREATE TABLE MEDICAMENTO(
	RASTREABILIDADE INTEGER, #PK
    FABRICANTE VARCHAR(30) NOT NULL,
    NOME VARCHAR(30) NOT NULL,
    DATA_VALIDADE	DATE NOT NULL DEFAULT '0000-00-00',
    PRECO NUMERIC(7,2) NOT NULL,
    
    CONSTRAINT MEDICAMENTO_RASTREABILIDADE_PK PRIMARY KEY(RASTREABILIDADE)
);

CREATE TABLE DONO(
	ID INTEGER, #PK
    RG VARCHAR(15) NOT NULL UNIQUE,
    NOME VARCHAR(30) NOT NULL,
    DATA_NASC DATE DEFAULT '0000-00-00',
    TELEFONE VARCHAR(25) NOT NULL UNIQUE,
    CIDADE VARCHAR(50) NOT NULL,
    BAIRRO VARCHAR(50) NOT NULL,
    LOGRADOURO VARCHAR(50) NOT NULL,
    NUMERO	INTEGER NOT NULL,
    
    CONSTRAINT DONO_ID_PK PRIMARY KEY (ID)
);

CREATE TABLE ANIMAL(
	ID	 INTEGER, #PK
    ID_DONO INTEGER NOT NULL, #FK
    NOME	VARCHAR(30),
    DATA_NASC	DATE DEFAULT '0000-00-00',
    SEXO	VARCHAR(1) NOT NULL, #CK
    PORTE	VARCHAR(1), #CK
    AGRESSIVIDADE	VARCHAR(1) NOT NULL, #CK
    
    CONSTRAINT ANIMAL_ID_PK PRIMARY KEY(ID),
    CONSTRAINT ANIMAL_ID_DONO_FK FOREIGN KEY (ID_DONO) REFERENCES DONO(ID) ON DELETE CASCADE,
    CONSTRAINT ANIMAL_SEXO_CK CHECK (SEXO IN('M','F','m','f')),
    CONSTRAINT ANIMAL_PORTE_CK CHECK (PORTE IN('G','M','P','g','m','p')),
    CONSTRAINT ANIMAL_AGRESSIVIDADE CHECK (AGRESSIVIDADE IN('S','N','s','n'))
);

CREATE TABLE RECEPCIONISTA(
	ID INTEGER, #PK
    RG VARCHAR(15) NOT NULL UNIQUE,
    NOME VARCHAR(30) NOT NULL,
    DATA_NASC DATE DEFAULT '0000-00-00',
    SALARIO NUMERIC(7,2) NOT NULL,
    TELEFONE VARCHAR(25) NOT NULL UNIQUE,
    CIDADE VARCHAR(50) ,
    BAIRRO VARCHAR(50) NOT NULL,
    LOGRADOURO VARCHAR(50) NOT NULL,
    NUMERO	INTEGER NOT NULL,
    
    CONSTRAINT RECEPCIONISTA_ID_PK PRIMARY KEY (ID)
);

CREATE TABLE CONSULTA(
    NUMERO INTEGER, #PK
    ID_VETERINARIO INTEGER, #FK
    ID_RECEPCIONISTA INTEGER, #FK
    ID_ANIMAL INTEGER, #FK
    HORARIO TIME NOT NULL,
    
    CONSTRAINT CONSULTA_NUMERO_PK PRIMARY KEY(NUMERO),
    CONSTRAINT CONSULTA_ID_VETERINARIO_FK FOREIGN KEY (ID_VETERINARIO) REFERENCES VETERINARIO(ID) ON DELETE CASCADE,
    CONSTRAINT CONSULTA_ID_RECEPCIONISTA FOREIGN KEY (ID_RECEPCIONISTA) REFERENCES RECEPCIONISTA(ID) ON DELETE CASCADE,
    CONSTRAINT CONSULTA_ID_ANIMAL_FK FOREIGN KEY (ID_ANIMAL) REFERENCES ANIMAL(ID) ON DELETE CASCADE
);

CREATE TABLE ESPECIALIZACAO(
	ESPECIALIZACAO VARCHAR(30), #PK
    ID_VETERINARIO INTEGER NOT NULL, #FK
    
    CONSTRAINT ESPECIALIZACAO_ID_PK PRIMARY KEY (ESPECIALIZACAO),
    CONSTRAINT ESPECIALIZACAO_ID_VETERINARIO_FK FOREIGN KEY (ID_VETERINARIO) REFERENCES VETERINARIO(ID) ON DELETE CASCADE
);

CREATE TABLE CLASSE(
	CLASSE VARCHAR(30), #PK
    RASTR_MEDICAMENTO INTEGER NOT NULL, #FK
    
	CONSTRAINT CLASSE_CLASSE_PK PRIMARY KEY (CLASSE),
    CONSTRAINT CLASSE_RASTR_MEDICAMENTO_FK FOREIGN KEY (RASTR_MEDICAMENTO) REFERENCES MEDICAMENTO(RASTREABILIDADE) ON DELETE CASCADE
);

CREATE TABLE DOENCA_CRONICA(
	DOENCA	VARCHAR(30), #PK
    ID_ANIMAL INTEGER NOT NULL, #FK
    
    CONSTRAINT DOENCA_CRONCIA_DOENCA_PK PRIMARY KEY (DOENCA),
    CONSTRAINT DOENCA_CRONCIA_ID_ANIMAL_FK FOREIGN KEY (ID_ANIMAL) REFERENCES ANIMAL(ID) ON DELETE CASCADE
);

CREATE TABLE MEDICAMENTO_USADO(
	MEDIC_USADO VARCHAR(30), #PK
    ID_ANIMAL INTEGER NOT NULL, #FK
    
    CONSTRAINT MEDICAMENTO_USADO_MEDIC_USADO_PK PRIMARY KEY (MEDIC_USADO),
    CONSTRAINT MEDICAMENTO_USADO_ID_ANIMAL_FK FOREIGN KEY (ID_ANIMAL) REFERENCES ANIMAL(ID) ON DELETE CASCADE
);

CREATE TABLE UTILIZADO(
	RASTR_MEDICAMENTO INTEGER NOT NULL, #FK
    NUMERO_CONSULTA INTEGER NOT NULL, #FK
    DOSAGEM VARCHAR(50) NOT NULL,
    
    CONSTRAINT UTILIZADO_RASTR_MEDICAMENTO_FK FOREIGN KEY (RASTR_MEDICAMENTO) REFERENCES MEDICAMENTO(RASTREABILIDADE) ON DELETE CASCADE,
    CONSTRAINT UTILIZADO_NUMERO_CONSUTLA_FK FOREIGN KEY (NUMERO_CONSULTA) REFERENCES CONSULTA(NUMERO) ON DELETE CASCADE
);

CREATE TABLE IMPORTADO(
	RASTR_MEDICAMENTO INTEGER NOT NULL, #FK PK
    TRANSPORTE VARCHAR(50),
    PAIS VARCHAR(50),
    
    CONSTRAINT IMPORTADO_RASTR_MEDICAMENTO_PF PRIMARY KEY (RASTR_MEDICAMENTO),
    CONSTRAINT IMPORTADO_RASTR_MEDICAMENTO_FK FOREIGN KEY (RASTR_MEDICAMENTO) REFERENCES MEDICAMENTO(RASTREABILIDADE)
);

CREATE TABLE NACIONAL(
	RASTR_MEDICAMENTO INTEGER NOT NULL, #FK E PK
    CNPJ VARCHAR(50),
    
    CONSTRAINT NACIONAL_RASTR_MEDICAMENTO_PF PRIMARY KEY (RASTR_MEDICAMENTO),
    CONSTRAINT NACIONAL_RASTR_MEDICAMENTO_FK FOREIGN KEY (RASTR_MEDICAMENTO) REFERENCES MEDICAMENTO(RASTREABILIDADE)
);

#######################################     POPULAÇÃO DE TABELAS - PARTE 1 DO PROJETO FÍSICO     #######################################
#insere veterinários
INSERT INTO VETERINARIO (ID,CPF,NOME,DATA_NASC,SALARIO,TELEFONE,CIDADE,BAIRRO,LOGRADOURO,NUMERO) 
	VALUES (1,'494.021.558-05','Renan Brufato','1998-05-18',2700.00,'(16)99768-0070','São Carlos','Vila Prado','Rua José Benetti',508);
INSERT INTO VETERINARIO (ID,CPF,NOME,DATA_NASC,SALARIO,TELEFONE,CIDADE,BAIRRO,LOGRADOURO,NUMERO) 
	VALUES (2,'541.258.458-58','Girliene Albuquerque da Silva',null,4500.21,'(16)99564-5874','Ibaté','Campo Limpo','Rua Tiradentes',2541);
INSERT INTO VETERINARIO (ID,CPF,NOME,DATA_NASC,SALARIO,TELEFONE,CIDADE,BAIRRO,LOGRADOURO,NUMERO) 
	VALUES (3,'254.485.148.-01','Vitor Pastore','1967-04-17',1570.00,'(14)92457-5412','Alvinlândia','Consolação','Rua São Francisco',873);
INSERT INTO VETERINARIO (ID,CPF,NOME,DATA_NASC,SALARIO,TELEFONE,CIDADE,BAIRRO,LOGRADOURO,NUMERO) 
	VALUES (4,'024.458.965.-00','Emerson Nogueira','1995-05-05',2780.00,'(21)95412-5841','Niterói','Cidade Tiradentes','Rua São Pedro',832);
INSERT INTO VETERINARIO (ID,CPF,NOME,DATA_NASC,SALARIO,TELEFONE,CIDADE,BAIRRO,LOGRADOURO,NUMERO) 
	VALUES (5,'147.258.369-78','Kaio Alm','1950-02-14',2341.57,'(16)92154-3218','Américo Brasiliense','Butantã Morumbi','Rua Oito',48);
INSERT INTO VETERINARIO (ID,CPF,NOME,DATA_NASC,SALARIO,TELEFONE,CIDADE,BAIRRO,LOGRADOURO,NUMERO) 
	VALUES (6,'357.159.258-14','Vinicius Marques','1967-07-18',9000.00,'(19)93214-5478','Águas da Prata','Capão Redondo','Avenida Brasil',23);
INSERT INTO VETERINARIO (ID,CPF,NOME,DATA_NASC,SALARIO,TELEFONE,CIDADE,BAIRRO,LOGRADOURO,NUMERO) 
	VALUES (7,'369.987.741-19','Carol Mathias',null,3600.50,'(17)93254-8541','Adolfo','Capela do Socorro Cidade Dutra','Rua Sao João',241);
INSERT INTO VETERINARIO (ID,CPF,NOME,DATA_NASC,SALARIO,TELEFONE,CIDADE,BAIRRO,LOGRADOURO,NUMERO) 
	VALUES (8,'125.654.982-87','Elton Jhon','2001-09-15',2890.49,'(16)93245-8741','São Carlos','Vila Andrade','Rua Quinze De Novembro',2535);
INSERT INTO VETERINARIO (ID,CPF,NOME,DATA_NASC,SALARIO,TELEFONE,CIDADE,BAIRRO,LOGRADOURO,NUMERO) 
	VALUES (9,'351.514.159-07','Breatney Spears','1993-02-07',3120.50,'(14)96521-5843','Agudos','Raposo Tavares','Rua Amazonas',1242);
INSERT INTO VETERINARIO (ID,CPF,NOME,DATA_NASC,SALARIO,TELEFONE,CIDADE,BAIRRO,LOGRADOURO,NUMERO) 
	VALUES (10,'368.785.942-31','Cavaleiro sem Cabeça','1980-11-29',3458.21,'(21)93258-1154','Nova Iguaçu','Bom Retiro','Rua São Sebastião',475);

#insere medicamento
INSERT INTO MEDICAMENTO (RASTREABILIDADE,FABRICANTE,NOME,DATA_VALIDADE,PRECO) 
	VALUES (1,'Hypermarcas','Ranitidina','2021-05-21',24.50);
INSERT INTO MEDICAMENTO (RASTREABILIDADE,FABRICANTE,NOME,DATA_VALIDADE,PRECO) 
	VALUES (2,'Eurofarma','Aspirina','2025-07-11',102.99);
INSERT INTO MEDICAMENTO (RASTREABILIDADE,FABRICANTE,NOME,DATA_VALIDADE,PRECO) 
	VALUES (3,'Sanofi','Budesonida','2021-05-21',36.40);
INSERT INTO MEDICAMENTO (RASTREABILIDADE,FABRICANTE,NOME,DATA_VALIDADE,PRECO) 
	VALUES (4,'Aché','Ibuprofeno','2022-01-17',19.90);
INSERT INTO MEDICAMENTO (RASTREABILIDADE,FABRICANTE,NOME,DATA_VALIDADE,PRECO) 
	VALUES (5,'Hypermarcas','Floratil','2021-05-21',245.00);
INSERT INTO MEDICAMENTO (RASTREABILIDADE,FABRICANTE,NOME,DATA_VALIDADE,PRECO) 
	VALUES (6,'EMS Corp','Mesilato de Ergoloide','2026-06-28',24.15);
INSERT INTO MEDICAMENTO (RASTREABILIDADE,FABRICANTE,NOME,DATA_VALIDADE,PRECO) 
	VALUES (7,'Eurofarma','Ranitidina','2025-10-24',5.60);
INSERT INTO MEDICAMENTO (RASTREABILIDADE,FABRICANTE,NOME,DATA_VALIDADE,PRECO) 
	VALUES (8,'Takeda','Floratil','2021-05-21',55.99);
INSERT INTO MEDICAMENTO (RASTREABILIDADE,FABRICANTE,NOME,DATA_VALIDADE,PRECO) 
	VALUES (9,'Novartis','Floratil','2027-07-23',15.90);
INSERT INTO MEDICAMENTO (RASTREABILIDADE,FABRICANTE,NOME,DATA_VALIDADE,PRECO) 
	VALUES (10,'Negócio em cápsula','Zaleplona','2029-03-16',72.50);

#insere recepcionista
INSERT INTO RECEPCIONISTA (ID,RG,NOME,DATA_NASC,SALARIO,TELEFONE,CIDADE,BAIRRO,LOGRADOURO,NUMERO)
	VALUES (1,'5124.547.587-4','Jhonattan Ribeiro','1985-11-24',2000.00,'(17)95648-5124',NULL,'Redenção','Rua Bento Carvalho',210);
INSERT INTO recepcionista (ID,RG,NOME,DATA_NASC,SALARIO,TELEFONE,CIDADE,BAIRRO,LOGRADOURO,NUMERO)
	VALUES (2,'335.558.741-5','Stefani Carvalho','2000-05-18',2500.00,'(17)96547-4212','Barretos','Vila Prado','Rua XV de Novembro',4521);
INSERT INTO recepcionista (ID,RG,NOME,DATA_NASC,SALARIO,TELEFONE,CIDADE,BAIRRO,LOGRADOURO,NUMERO)
	VALUES (3,'352.154.895-4','Elvis Dantas','1995-02-14',1750.12,'(16)96521-1542','São Carlos','Vila Prado','Rua Antonio Blanco',145);
INSERT INTO recepcionista (ID,RG,NOME,DATA_NASC,SALARIO,TELEFONE,CIDADE,BAIRRO,LOGRADOURO,NUMERO)
	VALUES (4,'123.147.159-8','Carmen da Silva','2001-12-06',2700.00,'(16)95642-4562',NULL,'Azullvile','Rua Germano Fher',2354);
INSERT INTO recepcionista (ID,RG,NOME,DATA_NASC,SALARIO,TELEFONE,CIDADE,BAIRRO,LOGRADOURO,NUMERO)
	VALUES (5,'315.148.985-7','Marcia Cristina','1979-07-23',1350.00,'(19)95321-4521','Águas da Prata','Nova estância','Avenida Sapopemba',4785);
INSERT INTO recepcionista (ID,RG,NOME,DATA_NASC,SALARIO,TELEFONE,CIDADE,BAIRRO,LOGRADOURO,NUMERO)
	VALUES (6,'325.154.896-4','Eduarda Aparecida','1988-02-07',4000.00,'(14)95214-7512','Agudos','Nova Estância','Rua Peru',102);
INSERT INTO recepcionista (ID,RG,NOME,DATA_NASC,SALARIO,TELEFONE,CIDADE,BAIRRO,LOGRADOURO,NUMERO)
	VALUES (7,'654.987.321-X','Kitty Patrick','1999-09-27',2110.50,'(21)9651-1524','Rio de Janeiro','Vila Faria','Rua Jose Benetti',146);
INSERT INTO recepcionista (ID,RG,NOME,DATA_NASC,SALARIO,TELEFONE,CIDADE,BAIRRO,LOGRADOURO,NUMERO)
	VALUES (8,'152.325.458-6','Nei Santos da Silva','1981-10-16',2354.00,'(21)95522-4622',NULL,'Redençaõ','Rua Alexandre Galera',2354);
INSERT INTO recepcionista (ID,RG,NOME,DATA_NASC,SALARIO,TELEFONE,CIDADE,BAIRRO,LOGRADOURO,NUMERO)
	VALUES (9,'487.529.485-2','Genivalda Castellen','1996-05-29',3250.14,'(21)96541-4523','Niteroi','Aracy','Rua Guarantã',2789);
INSERT INTO recepcionista (ID,RG,NOME,DATA_NASC,SALARIO,TELEFONE,CIDADE,BAIRRO,LOGRADOURO,NUMERO)
	VALUES (10,'632.895.875-X','Antonio Carlos Brufato','2000-12-18',5000.00,'(16)96523-4523','Araraquara','Aracy','Rua José da Costa',7);

#insere dono    
INSERT INTO DONO (ID,RG,NOME,DATA_NASC,TELEFONE,CIDADE,BAIRRO,LOGRADOURO,NUMERO) 
	VALUES(1,'568.256.258-6','Michael Jackson','1997-05-18','(16)96548-5412','São Carlos','Jacobuci','Avenida Padre Teixeira', 2541);
INSERT INTO DONO (ID,RG,NOME,DATA_NASC,TELEFONE,CIDADE,BAIRRO,LOGRADOURO,NUMERO) 
	VALUES(2,'214.548.568-X','Heitor Lima','2000-11-24','(21)93521-5844','Niterói','Jacobuci','Rua Rui Barbosa', 2857);
INSERT INTO DONO (ID,RG,NOME,DATA_NASC,TELEFONE,CIDADE,BAIRRO,LOGRADOURO,NUMERO) 
	VALUES(3,'254.265.587-5','Laura Stevam','1994-03-20','(21)93541-5478','Paracambi','Jacobuci','Rua Projetada', 5872);
INSERT INTO DONO (ID,RG,NOME,DATA_NASC,TELEFONE,CIDADE,BAIRRO,LOGRADOURO,NUMERO) 
	VALUES(4,'365.458.457-3','Theo Miguel de Florença','1986-01-01','(14)92415-5741','Balbinos','Jacobuci','Rua Dezenove', 4762);
INSERT INTO DONO (ID,RG,NOME,DATA_NASC,TELEFONE,CIDADE,BAIRRO,LOGRADOURO,NUMERO) 
	VALUES(5,'321.145.578-7','Diego Marlon','1955-04-25','(17)99541-5741','Barretos','Jacobuci','Rua Santos Dumont', 2782);
INSERT INTO DONO (ID,RG,NOME,DATA_NASC,TELEFONE,CIDADE,BAIRRO,LOGRADOURO,NUMERO) 
	VALUES(6,'345.154.547-2','Alice da Silva','1984-05-11','(17)96541-4851','Cajobi','Jacobuci','Rua Treze de Maio', 3504);
INSERT INTO DONO (ID,RG,NOME,DATA_NASC,TELEFONE,CIDADE,BAIRRO,LOGRADOURO,NUMERO) 
	VALUES(7,'876.457.455-X','Helena Micheli','1974-06-19','(16)93974-5412','Altinópolis','Jacobuci','Avenida Comendador de Alfredo', 7583);
INSERT INTO DONO (ID,RG,NOME,DATA_NASC,TELEFONE,CIDADE,BAIRRO,LOGRADOURO,NUMERO) 
	VALUES(8,'654.457.147-3','lorenzo Silvano Petroni','1988-12-25','(17)99574-5124','Paulo de Faria','Jacobuci','Rua Doze', 4);
INSERT INTO DONO (ID,RG,NOME,DATA_NASC,TELEFONE,CIDADE,BAIRRO,LOGRADOURO,NUMERO) 
	VALUES(9,'256.145.587-8','Sophia Laura de Cabanha','1963-10-25','(14)96325-4851','Bariri','Jacobuci','Rua Vitória', 2784);
INSERT INTO DONO (ID,RG,NOME,DATA_NASC,TELEFONE,CIDADE,BAIRRO,LOGRADOURO,NUMERO) 
	VALUES(10,'654.125.478-X','João Miguel','2001-05-21','(16)99854-4125','Aramina','Jacobuci','Rua Sergipe', 36);
    
#insere animal
INSERT INTO ANIMAL (ID,ID_DONO,NOME,DATA_NASC,SEXO,PORTE,AGRESSIVIDADE) 
	VALUES (1,1,'Thor','2007-05-18','M','G','N');
INSERT INTO ANIMAL (ID,ID_DONO,NOME,DATA_NASC,SEXO,PORTE,AGRESSIVIDADE) 
	VALUES (2,7,'Nina','2010-04-21','f','p','s');
INSERT INTO ANIMAL (ID,ID_DONO,NOME,DATA_NASC,SEXO,PORTE,AGRESSIVIDADE) 
	VALUES (3,2,'Paçoca','2020-12-25','m','g','n');
INSERT INTO ANIMAL (ID,ID_DONO,NOME,DATA_NASC,SEXO,PORTE,AGRESSIVIDADE) 
	VALUES (4,8,'Mel','2017-04-07','f','M','n');
INSERT INTO ANIMAL (ID,ID_DONO,NOME,DATA_NASC,SEXO,PORTE,AGRESSIVIDADE) 
	VALUES (5,3,'Cacau','2015-06-27','m','G','S');
INSERT INTO ANIMAL (ID,ID_DONO,NOME,DATA_NASC,SEXO,PORTE,AGRESSIVIDADE) 
	VALUES (6,9,'Flora','2019-11-28','F','p','s');
INSERT INTO ANIMAL (ID,ID_DONO,NOME,DATA_NASC,SEXO,PORTE,AGRESSIVIDADE) 
	VALUES (7,5,'Pingo','2005-04-12','M','P','N');
INSERT INTO ANIMAL (ID,ID_DONO,NOME,DATA_NASC,SEXO,PORTE,AGRESSIVIDADE) 
	VALUES (8,4,'Princesa','2009-08-13','F','g','N');
INSERT INTO ANIMAL (ID,ID_DONO,NOME,DATA_NASC,SEXO,PORTE,AGRESSIVIDADE) 
	VALUES (9,10,'Simba','2022-09-23','m','M','N');
INSERT INTO ANIMAL (ID,ID_DONO,NOME,DATA_NASC,SEXO,PORTE,AGRESSIVIDADE) 
	VALUES (10,6,'Janett','2020-08-25','f','m','S');
    
#insere consulta
INSERT INTO CONSULTA (NUMERO,ID_VETERINARIO,ID_RECEPCIONISTA,ID_ANIMAL,HORARIO) 
	VALUES (21,NULL,NULL,10,'19:00:00');
INSERT INTO CONSULTA (NUMERO,ID_VETERINARIO,ID_RECEPCIONISTA,ID_ANIMAL,HORARIO) 
	VALUES (47,7,9,1,'16:30:00');
INSERT INTO CONSULTA (NUMERO,ID_VETERINARIO,ID_RECEPCIONISTA,ID_ANIMAL,HORARIO) 
	VALUES (124,9,NULL,8,'12:45:00');
INSERT INTO CONSULTA (NUMERO,ID_VETERINARIO,ID_RECEPCIONISTA,ID_ANIMAL,HORARIO) 
	VALUES (654,NULL,8,2,'09:00:00');
INSERT INTO CONSULTA (NUMERO,ID_VETERINARIO,ID_RECEPCIONISTA,ID_ANIMAL,HORARIO) 
	VALUES (254,NULL,7,9,'8:15:00');
INSERT INTO CONSULTA (NUMERO,ID_VETERINARIO,ID_RECEPCIONISTA,ID_ANIMAL,HORARIO) 
	VALUES (236,3,NULL,6,'13:50:00');
INSERT INTO CONSULTA (NUMERO,ID_VETERINARIO,ID_RECEPCIONISTA,ID_ANIMAL,HORARIO) 
	VALUES (351,NULL,5,3,'15:15:00');
INSERT INTO CONSULTA (NUMERO,ID_VETERINARIO,ID_RECEPCIONISTA,ID_ANIMAL,HORARIO) 
	VALUES (1,6,NULL,4,'18:00:00');
INSERT INTO CONSULTA (NUMERO,ID_VETERINARIO,ID_RECEPCIONISTA,ID_ANIMAL,HORARIO) 
	VALUES (154,4,4,5,'19:40:00');
INSERT INTO CONSULTA (NUMERO,ID_VETERINARIO,ID_RECEPCIONISTA,ID_ANIMAL,HORARIO) 
	VALUES (145,1,6,NULL,'07:30:00');

#insere especialização
INSERT INTO ESPECIALIZACAO (ESPECIALIZACAO,ID_VETERINARIO)
	VALUES ('Zootecnia',4);
INSERT INTO ESPECIALIZACAO (ESPECIALIZACAO,ID_VETERINARIO)
	VALUES ('Análises Clínicas Veterinárias',8);
INSERT INTO ESPECIALIZACAO (ESPECIALIZACAO,ID_VETERINARIO)
	VALUES ('Dermatologia em Cães e Gatos',7);
INSERT INTO ESPECIALIZACAO (ESPECIALIZACAO,ID_VETERINARIO)
	VALUES ('Zoologia',9);
INSERT INTO ESPECIALIZACAO (ESPECIALIZACAO,ID_VETERINARIO)
	VALUES ('Nutrição Animal',1);
INSERT INTO ESPECIALIZACAO (ESPECIALIZACAO,ID_VETERINARIO)
	VALUES ('inspeção Veterinária',3);
INSERT INTO ESPECIALIZACAO (ESPECIALIZACAO,ID_VETERINARIO)
	VALUES ('Odontologia Equina',6);
INSERT INTO ESPECIALIZACAO (ESPECIALIZACAO,ID_VETERINARIO)
	VALUES ('Farmácia Veterinária',2);
INSERT INTO ESPECIALIZACAO (ESPECIALIZACAO,ID_VETERINARIO)
	VALUES ('Radiologia Veterinária',10);
INSERT INTO ESPECIALIZACAO (ESPECIALIZACAO,ID_VETERINARIO)
	VALUES ('Defesa Sanitária Animal',5);

#insere classe
INSERT INTO CLASSE (CLASSE,RASTR_MEDICAMENTO) 
	VALUES ('Analgésico',6);
INSERT INTO CLASSE (CLASSE,RASTR_MEDICAMENTO) 
	VALUES ('Dopaminérgicos',5);
INSERT INTO CLASSE (CLASSE,RASTR_MEDICAMENTO) 
	VALUES ('Serotoninérgicos',2);
INSERT INTO CLASSE (CLASSE,RASTR_MEDICAMENTO) 
	VALUES ('Antibióticos',7);
INSERT INTO CLASSE (CLASSE,RASTR_MEDICAMENTO) 
	VALUES ('Mucolíticos',1);
INSERT INTO CLASSE (CLASSE,RASTR_MEDICAMENTO) 
	VALUES ('Hormônio',10);
INSERT INTO CLASSE (CLASSE,RASTR_MEDICAMENTO) 
	VALUES ('Antiepilépticos',4);
INSERT INTO CLASSE (CLASSE,RASTR_MEDICAMENTO) 
	VALUES ('Corticoide',8);
INSERT INTO CLASSE (CLASSE,RASTR_MEDICAMENTO) 
	VALUES ('Anti-inflamatórios',3);
INSERT INTO CLASSE (CLASSE,RASTR_MEDICAMENTO) 
	VALUES ('Vasoconstritores',9);

#insere doença crônica
INSERT INTO DOENCA_CRONICA (DOENCA,ID_ANIMAL) 
	VALUES ('Alergia Alimentar',10);
INSERT INTO DOENCA_CRONICA (DOENCA,ID_ANIMAL) 
	VALUES ('Depressão',8);
INSERT INTO DOENCA_CRONICA (DOENCA,ID_ANIMAL) 
	VALUES ('Erlichiose',3);
INSERT INTO DOENCA_CRONICA (DOENCA,ID_ANIMAL) 
	VALUES ('Inseficiência Renal',2);
INSERT INTO DOENCA_CRONICA (DOENCA,ID_ANIMAL) 
	VALUES ('Obesidade',7);
INSERT INTO DOENCA_CRONICA (DOENCA,ID_ANIMAL) 
	VALUES ('Hipertensõ Sistêmica',9);
INSERT INTO DOENCA_CRONICA (DOENCA,ID_ANIMAL) 
	VALUES ('Artrose',4);
INSERT INTO DOENCA_CRONICA (DOENCA,ID_ANIMAL) 
	VALUES ('Síndrome de Cushing',1);
INSERT INTO DOENCA_CRONICA (DOENCA,ID_ANIMAL) 
	VALUES ('Síndrome de Adison',5);
INSERT INTO DOENCA_CRONICA (DOENCA,ID_ANIMAL) 
	VALUES ('Hipocalcemia',6);

#insere medicamento usado
INSERT INTO MEDICAMENTO_USADO (MEDIC_USADO,ID_ANIMAL) 
	VALUES ('Vermífugo',10);
INSERT INTO MEDICAMENTO_USADO (MEDIC_USADO,ID_ANIMAL) 
	VALUES ('Auriuvet',2);
INSERT INTO MEDICAMENTO_USADO (MEDIC_USADO,ID_ANIMAL) 
	VALUES ('Simparic',9);
INSERT INTO MEDICAMENTO_USADO (MEDIC_USADO,ID_ANIMAL) 
	VALUES ('Capstar',6);
INSERT INTO MEDICAMENTO_USADO (MEDIC_USADO,ID_ANIMAL) 
	VALUES ('Keravit',8);
INSERT INTO MEDICAMENTO_USADO (MEDIC_USADO,ID_ANIMAL) 
	VALUES ('NexGard',7);
INSERT INTO MEDICAMENTO_USADO (MEDIC_USADO,ID_ANIMAL) 
	VALUES ('Stomorgyl',1);
INSERT INTO MEDICAMENTO_USADO (MEDIC_USADO,ID_ANIMAL) 
	VALUES ('Frontline',5);
INSERT INTO MEDICAMENTO_USADO (MEDIC_USADO,ID_ANIMAL) 
	VALUES ('PetSporin',3);
INSERT INTO MEDICAMENTO_USADO (MEDIC_USADO,ID_ANIMAL) 
	VALUES ('Previcox',4);
    
#insere utilizado
INSERT INTO UTILIZADO (RASTR_MEDICAMENTO,NUMERO_CONSULTA,DOSAGEM)
	VALUES (9,1,'1 a cada 24 Horas');
INSERT INTO UTILIZADO (RASTR_MEDICAMENTO,NUMERO_CONSULTA,DOSAGEM)
	VALUES (8,145,'1 a cada 12 Horas');
INSERT INTO UTILIZADO (RASTR_MEDICAMENTO,NUMERO_CONSULTA,DOSAGEM)
	VALUES (6,154,'10 gotas a cada 6 Horas');
INSERT INTO UTILIZADO (RASTR_MEDICAMENTO,NUMERO_CONSULTA,DOSAGEM)
	VALUES (2,351,'1 a cada 4 Horas');
INSERT INTO UTILIZADO (RASTR_MEDICAMENTO,NUMERO_CONSULTA,DOSAGEM)
	VALUES (4,236,'1 a cada 6 Horas');
INSERT INTO UTILIZADO (RASTR_MEDICAMENTO,NUMERO_CONSULTA,DOSAGEM)
	VALUES (10,254,'1 a cada 12 Horas');
INSERT INTO UTILIZADO (RASTR_MEDICAMENTO,NUMERO_CONSULTA,DOSAGEM)
	VALUES (3,654,'5 gotas a cada 12 Horas');
INSERT INTO UTILIZADO (RASTR_MEDICAMENTO,NUMERO_CONSULTA,DOSAGEM)
	VALUES (10,124,'1 a cada 24 Horas');
INSERT INTO UTILIZADO (RASTR_MEDICAMENTO,NUMERO_CONSULTA,DOSAGEM)
	VALUES (5,47,'1 a cada 6 Horas');
INSERT INTO UTILIZADO (RASTR_MEDICAMENTO,NUMERO_CONSULTA,DOSAGEM)
	VALUES (7,21,'1 a cada 12 Horas');
    
#insere na tabela nacional
INSERT INTO NACIONAL (RASTR_MEDICAMENTO,CNPJ)
	VALUES (9,'MEI');
INSERT INTO NACIONAL (RASTR_MEDICAMENTO,CNPJ)
	VALUES (8,'SS');
INSERT INTO NACIONAL (RASTR_MEDICAMENTO,CNPJ)
	VALUES (6,'MEI');
INSERT INTO NACIONAL (RASTR_MEDICAMENTO,CNPJ)
	VALUES (2,'SS');
INSERT INTO NACIONAL (RASTR_MEDICAMENTO,CNPJ)
	VALUES (4,'EI');
INSERT INTO NACIONAL (RASTR_MEDICAMENTO,CNPJ)
	VALUES (10,'MEI');
INSERT INTO NACIONAL (RASTR_MEDICAMENTO,CNPJ)
	VALUES (3,'EI');
INSERT INTO NACIONAL (RASTR_MEDICAMENTO,CNPJ)
	VALUES (1,'MEI');
INSERT INTO NACIONAL (RASTR_MEDICAMENTO,CNPJ)
	VALUES (5,'EI');
INSERT INTO NACIONAL (RASTR_MEDICAMENTO,CNPJ)
	VALUES (7,'EI');
    
#insere na tabela importado
INSERT INTO IMPORTADO (RASTR_MEDICAMENTO,TRANSPORTE, PAIS)
	VALUES (9,'Aéreo','EUA');
INSERT INTO IMPORTADO (RASTR_MEDICAMENTO,TRANSPORTE, PAIS)
	VALUES (8,'Marítimo','Rússia');
INSERT INTO IMPORTADO (RASTR_MEDICAMENTO,TRANSPORTE, PAIS)
	VALUES (6,'Aéreo','Japão');
INSERT INTO IMPORTADO (RASTR_MEDICAMENTO,TRANSPORTE, PAIS)
	VALUES (2,'Marítimo','Japão');
INSERT INTO IMPORTADO (RASTR_MEDICAMENTO,TRANSPORTE, PAIS)
	VALUES (4,'Aéreo','Austrália');
INSERT INTO IMPORTADO (RASTR_MEDICAMENTO,TRANSPORTE, PAIS)
	VALUES (10,'Marítimo','Índia');
INSERT INTO IMPORTADO (RASTR_MEDICAMENTO,TRANSPORTE, PAIS)
	VALUES (3,'Aéreo','EUA');
INSERT INTO IMPORTADO (RASTR_MEDICAMENTO,TRANSPORTE, PAIS)
	VALUES (1,'Marítimo','Rússia');
INSERT INTO IMPORTADO (RASTR_MEDICAMENTO,TRANSPORTE, PAIS)
	VALUES (5,'Marítimo','Cuba');
INSERT INTO IMPORTADO (RASTR_MEDICAMENTO,TRANSPORTE, PAIS)
	VALUES (7,'Aéreo','Chile');

SET SQL_SAFE_UPDATES = 0;

#ATUALIZAÇÕES DAS TABELAS

#AUMENTO DE 10% NOS VETERINÁRIOS QUE GANHAREM MENOS QUE 2000
UPDATE VETERINARIO SET SALARIO = SALARIO*1.1 WHERE SALARIO < 3000;

#AUMENTA EM 15% O VALOR DOS MEDICAMENTOS QUE TIVEREM VALIDADE ACIMA DE 2022-01-01
UPDATE MEDICAMENTO SET PRECO = PRECO*1.15 WHERE DATA_VALIDADE > '2022-01-01';

#MUDA O HORARIO DA CONSULTA PARA O SVETERINARIOS COM ID 1 E 7
UPDATE CONSULTA SET HORARIO = '7:30:00' WHERE ID_VETERINARIO IN (1,7);

#ALTERA O STATUS DE AGRESSIVIDADE PARA OS ANIMAIS DO SEXO MASCULINO PARA 'S', OU SEJA, AGRESSIVO
UPDATE ANIMAL SET AGRESSIVIDADE = 'S' WHERE SEXO IN ('M','m');

#MUDA O NUMERO DA CASA DO Michael Jackson PARA 5000
UPDATE DONO SET NUMERO = 5000 WHERE NOME = 'Michael Jackson';

#ALTERA PARRA 2500 AS RECEPCIONISTAS DE ID 1/2/10
UPDATE RECEPCIONISTA SET SALARIO = 2500  WHERE ID IN (1,4,10);

#ALTERA O SALARIO DAS RECEPCIONISTAS QUE ATENDERAM UM DONO EM 5%
UPDATE DONO SET NUMERO = 701 WHERE NOME = 'João Miguel';

#MUDA A DATA DE NASCIMENTO DAS RECEPSIONISTAS QUE MORAM NA Vila Prado para '2000-01-01'
UPDATE CONSULTA SET NUMERO = 11 WHERE NUMERO = 10;

#MUDA A CIDADES DOS VETERINARIOS QUE MORAM EM SÃO CARLOS PARA IBATÉ
UPDATE VETERINARIO SET CIDADE = 'Ibaté' WHERE CIDADE = 'São Carlos';

#MUDA A DOSE DOS MEICAMENTOS QUE TIVREM NUMERO DE CONSULTA 1,124 E 21 PARA 1 a cada 12 Horas
UPDATE UTILIZADO SET DOSAGEM = '1 a cada 12 Horas' WHERE NUMERO_CONSULTA IN (1,124,21);

SELECT * FROM VETERINARIO;
SELECT * FROM MEDICAMENTO;
SELECT * FROM CONSULTA;
SELECT * FROM ANIMAL;
SELECT * FROM DONO;
SELECT * FROM RECEPCIONISTA;
SELECT * FROM ESPECIALIZACAO;
SELECT * FROM CLASSE;
SELECT * FROM DOENCA_CRONICA;
SELECT * FROM MEDICAMENTO_USADO;
SELECT * FROM UTILIZADO;

#DELETE FROM VETERINARIO WHERE ID IN (8,7);
#DELETE FROM RECEPCIONISTA WHERE ID_DONO IS NULL;
#DELETE FROM RECEPCIONISTA WHERE TELEFONE = '(16)95321-4521';
#DELETE FROM ANIMAL WHERE NOME = 'Princesa';
#DELETE FROM ANIMAL WHERE ID IN (10,5,1,7);
#DELETE FROM CONSULTA WHERE ID_VETERINARIO = 1;

#######################################     CONSULTA NAS TABELAS - PARTE 2 E 3 DO PROJETO FÍSICO     #######################################
# EXIBE O NOME, SALARIO, CIDADE, BAIRRO, LOOGRADOURO E NÚMERO DOS VETERINÁRIOS QUE GANHAM MAIS DE 2000
SELECT NOME, SALARIO, CIDADE, BAIRRO, LOGRADOURO, NUMERO
	FROM VETERINARIO
    WHERE SALARIO > 2000;

#EXIBE O NÚMERO DA CONSULTA, NOME, DATA DE NASCIMENTO, SEXO E PORTE DOS ANIMAIS QUE NASCERAM DEPOIS DE 01/01/2019 
SELECT *
	FROM ANIMAL
    WHERE DATA_NASC BETWEEN '2000-01-01' AND '2020-12-12';

#RETORNA ID, NOME, SALARIO E CIDADE DAS RECEPCIONISTAS QUE MORAM EM SÃO CARLOS
SELECT ID, NOME, SALARIO, CIDADE
	FROM RECEPCIONISTA
    WHERE CIDADE = 'São Carlos' OR SALARIO > 1500;

#EXIBE O NOME, SALARIO E CIDADE DOS VETERINARIOS QUE TIVEREM SALARIO MAIOR QUE 1000 E QUE O NOME COMEÇAM COM A LETRA 'V'
SELECT NOME, SALARIO, CIDADE
	FROM VETERINARIO
    WHERE NOME LIKE 'V%' AND SALARIO > 1000;

#EXIBE EM MAIÚCULO O NOME DO MEDICAMENTO USADO E O ID DO ANIMAL COM APELIDO 'IDANIMAL' PARA OS MECICAMENTOS QUE COMEÇAM COM A LETRA 'P'		
SELECT UPPER(MEDIC_USADO) AS MEDICAMENTO ,ID_ANIMAL AS IDANIMAL
	FROM MEDICAMENTO_USADO
    WHERE MEDIC_USADO LIKE 'P%';
    
#EXIBE O NOME, SEXO E PORTE DO ANIMAL, JUNTAMENTE COM O NÚMERO E HORÁRIO DA CONSULTA DE CADA UM DELES
SELECT A.NOME AS NOME_ANIMAL, A.SEXO, A.PORTE, C.NUMERO, C.HORARIO
	FROM ANIMAL A INNER JOIN CONSULTA C ON C.ID_ANIMAL = A.ID;

#EXIBE O NOME E A CIDADE ONDE O DONO MORA, E O NOME, SEXO E PORTE DO ANIMAL QUE O DONO POSSUI
SELECT D.NOME AS NOME_DONO, D.CIDADE, A.NOME AS NOME_ANIMAL, A.SEXO AS SEXO_ANIMAL, A.PORTE AS PORTE_ANIMAL
	FROM DONO D INNER JOIN ANIMAL A ON A.ID_DONO = D.ID;

#EXIBE O NOME E SALARIO DO VETERINÁRIO, O NÚMERO DA CONSULTA E O NOME DO MEDICAMENTO USADO NA CONSULTA
SELECT V.NOME AS NOME_VETERINARIO, V.SALARIO AS SALARIO_VETERINARIO, C.NUMERO AS NUMERO_CONSULTA, M.NOME AS MEDICAMENTO_USADO
	FROM CONSULTA C INNER JOIN VETERINARIO V ON C.ID_VETERINARIO = V.ID
    INNER JOIN UTILIZADO U ON U.NUMERO_CONSULTA = C.NUMERO
    INNER JOIN MEDICAMENTO M ON U.RASTR_MEDICAMENTO = M.RASTREABILIDADE;

#EXIBE O NOME E SALÁRIOD A RECEPCIONISTA, O NÚMERO DA CONSULTA E SEU HORÁRIO, O NOME DO ANIMAL E SUA AGRESSIVIDADE
SELECT R.NOME AS NOME_RECEPCIONISTA, R.SALARIO AS SALARIO_RECEPCIONISTA, C.NUMERO AS NUMERO_CONSULTA,C.HORARIO AS HORARIO_CONSULTA, A.NOME AS NOME_ANIMAL, A.AGRESSIVIDADE AS ANIMAL_AGRESSIVIDADE
	FROM RECEPCIONISTA R INNER JOIN CONSULTA C ON C.ID_RECEPCIONISTA = R.ID
    INNER JOIN ANIMAL A ON C.ID_ANIMAL = A.ID;

#EXIBE O NOME E A DATA DE NASCIMENTO DOS VETERINÁRIOS E O NÚMERO DA CONSULTA QUE ELES REALIZARAM, MOSTRANDO OS VETERINÁRIOS QUE NÃO TEM CORRESONDENCIA COM CONSULTA
SELECT V.NOME AS NOME_VETERINARIO, V.DATA_NASC AS DATA_VETERINARIO, C.NUMERO AS NUMERO_CONSULTA
	FROM VETERINARIO V LEFT OUTER JOIN CONSULTA C ON C.ID_VETERINARIO = V.ID;

#EXIBE O NÚMERO E HORARIO DA CONSULTA, ALÉM DO NOME E CIDADE EM QUE A RECEPCIONISTA MORAM, EXIBINDO VALORES NULOS PARA RECEPCIONISTA SEM CORRESPONDENCIA EM CONSULTA
SELECT C.NUMERO AS NUMERO_CONSULTA, C.HORARIO AS HORARIO_CONSULTA, R.NOME AS NOME_RECEPCIONISTA, R.CIDADE AS CIDADE_RECEPCIONISTA
	FROM CONSULTA C RIGHT OUTER JOIN RECEPCIONISTA R ON C.ID_RECEPCIONISTA = R.ID;

#FORMA UM GRUPO NA TABELA MEDICAMENTO DE ACORDO COM O NOME E DATA DE VALIDADE, EXIBINDO O NOME E DATA DE VALIDADE DE CADA PRODUTO, ALÉM
#DA SOMA DO PREÇO DE CADA GRUPO
SELECT NOME, DATA_VALIDADE, SUM(PRECO) AS SOMA_PREÇO
	FROM MEDICAMENTO
    GROUP BY NOME, DATA_VALIDADE
    ORDER BY NOME, DATA_VALIDADE;

#FAZ UM GRUPO NA TABELA ANIAML DE CADA PORTE COM CADA SEXO, E MOSTRA O PORTE, SEXO E NÚMERO DE ELEMENTOS DE CADA GRUPO
SELECT PORTE, SEXO, COUNT(*) AS NUMERO_ANIMAIS
	FROM ANIMAL
    GROUP BY PORTE,SEXO
    ORDER BY PORTE, SEXO;

#EXIBE O TRANSPORTE, PAÍS E QUANTIDADE DE PRODUTOS IMPORTANDOS FORMADOS POR UM AGRUPAMENTO DE TRANSPORTE E PAÍS, PORÉM APENAS PARA  
#OS AGRUPAMENTOS COM MAIS DE UM ELEMENTO
SELECT TRANSPORTE, PAIS, COUNT(*) AS QTD_IMPORTADO
	FROM IMPORTADO
    GROUP BY TRANSPORTE, PAIS
    HAVING COUNT(*) > 1;
    
#EXIBE O FRABRICANTE, NOME E MÉDIA DE PRECO DO CGRUPAMENTO FORMADO POR FABRICANTE E NOME, APENAS DOS GRUPOS QUE TIVEREM 
#O SOMATÓRIO DE PREÇOS MAIOR QUE 100
SELECT FABRICANTE, NOME, AVG(PRECO) AS PRECO_MEDICAMENTO
	FROM MEDICAMENTO
    GROUP BY FABRICANTE, NOME
    HAVING SUM(PRECO) > 100
    ORDER BY FABRICANTE, NOME;
 
#EXIBE O ID, NOMME, SALARIO E CIDADE DAS RECEPCIONISTAS QUE GANHAM MAIS DO QUE O 'Nei Santos da Silva'
SELECT ID, NOME, SALARIO, CIDADE
	FROM RECEPCIONISTA
    WHERE SALARIO > (SELECT SALARIO FROM RECEPCIONISTA WHERE NOME = 'Nei Santos da Silva');

#EXIBE ID, NOME, PORRTE E AGRESSIVIDADE DOS ANIMAIS QUE TIVEREM UMA DATA MENOR DO QUE O ANIMAL QUE NASCEU EM 2020-12-25
SELECT ID, NOME, PORTE, AGRESSIVIDADE
	FROM ANIMAL
    WHERE DATA_NASC < (SELECT DATA_NASC FROM ANIMAL WHERE DATA_NASC = '2020-12-25');

#EXIBE NOME, DATA DE VALIDADE E PRERCO DE TODOS OS MEDICAMENTOS QUE TIVERERM UM VALOR MAIOR DO QUE O MAIOR MEDICAMENTO DO FABRICANTE 'Eurofarma'
SELECT NOME, DATA_VALIDADE, PRECO
	FROM MEDICAMENTO
    WHERE PRECO > ALL(SELECT PRECO FROM MEDICAMENTO WHERE FABRICANTE = 'Eurofarma');

#EXIBE O SALARIO, NOME  E TELEFONE DOS VETERRINARIOS QUE TIVERREM UM SALARIO MAIOR DO QUE O MENORR SALÁRIO MAIORR QUE 2500
SELECT SALARIO, NOME, TELEFONE
	FROM VETERINARIO
    WHERE SALARIO > ANY(SELECT SALARIO FROM VETERINARIO WHERE SALARIO> 2500);

#EXIBE O ID DOS VETERRINÁRIOS DE O NÚMERO DE CADA CONSULTA, ELIMINANDO DUPLICIDADE, ISSO É NOTADO POIS O NÚMERO 1 
#ESTÁ EM AMBAS AS COLUNAS, PORÉM APARECE APENAS UMA VEZ NA CONSULTA FINAL
SELECT ID AS ID_VETERINARIO_AND_NUMERO_CONSULTA
	FROM VETERINARIO
    UNION
    SELECT NUMERO_CONSULTA FROM UTILIZADO;

#EXIBE O NOME, SALARIO, TELEFONE E CIDADE DOS VETERINÁRIOS QUE POSSUEM CONSULTA
SELECT NOME, SALARIO, TELEFONE, CIDADE
	FROM VETERINARIO V
    WHERE EXISTS(SELECT 0 FROM CONSULTA C
					WHERE C.ID_VETERINARIO = V.ID);

drop database veterinaria;